{
    "summary": [
        "The Arduino Uno is a microcontroller board based on the ATmega328. ",
        "The Uno is the latest in a series of USB Arduino boards"
    ],
    "title": "Arduino Uno",
    "overview": [
        "<b>Overview</b><br>",
        "The Arduino Uno is a microcontroller board based on the ATmega328. ",
        "It has 14 digital input/output pins (of which 6 can be used as PWM outputs), ",
        "6 analog inputs, a 16 MHzceramic resonator, a USB connection, a power jack, ",
        "an ICSP header, and a reset button.  It contains everything needed to ",
        "support the microcontroller; simply connect it to a computer with a USB ",
        "cable or powerit with a AC-to-DC adapter or battery to get started.",
        "<br><br>"
    ],
    "characteristics": [
        "<b>Characteristics</b><br>",
        "- Microcontroller:             ATmega328",
        "<br>",
        "- Operating Voltage:           5V",
        "<br>",
        "- Input Voltage (recommended)  7-12V",
        "<br>",
        "- Input Voltage (limits)       6-20V",
        "<br>",
        "- Digital I/O Pins             14 (of which 6 provide PWM output)",
        "<br>",
        "- Analog Input Pins            6",
        "<br>",
        "- DC Current per I/O Pin       40 mA",
        "<br>",
        "- DC Current for 3.3V Pin      50 mA",
        "<br>",
        "- Flash Memory                 32 KB (ATmega328) of which 0.5 KB used by bootloader",
        "<br>",
        "- SRAM                         2 KB (ATmega328)",
        "<br>",
        "- EEPROM                       1 KB (ATmega328)",
        "<br>",
        "- Clock Speed                  16 MHz",
        "<br><br>"
    ],
    "images": [
        {
            "title": "Arduino R3 Front",
            "url": "https://www.arduino.cc/en/uploads/Main/ArduinoUno_R3_Front.jpg"
        },
        {
            "title": "Arduino R3 Back",
            "url": "https://www.arduino.cc/en/uploads/Main/ArduinoUno_R3_Back.jpg"
        },
        {
            "title": "Arduino R2 Front",
            "url": "https://www.arduino.cc/en/uploads/Main/ArduinoUno_r2_front.jpg"
        },
        {
            "title": "Arduino Uno SMD",
            "url": "https://www.arduino.cc/en/uploads/Main/ArduinoUnoSmd.jpg"
        },
        {
            "title": "Arduino Uno Front",
            "url": "https://www.arduino.cc/en/uploads/Main/ArduinoUnoFront.jpg"
        },
        {
            "title": "Arduino Uno Back",
            "url": "https://www.arduino.cc/en/uploads/Main/ArduinoUnoBack.jpg"
        }
    ]
}